{"intercept": 49.59702015440244, "coefficients": [-0.0014326187486439768, 1.0660665064697359]}